{
    "ac": {
        "clustering": {
            "actual": 0.43768162487491913,
            "actual_z": 27.299851610795738,
            "control_mean": 0.324900066374312,
            "control_sd": 0.004131215074297605
        },
        "maximum_modularity": {
            "actual": 0.3897465986113253,
            "actual_z": 86.48073127629786,
            "control_mean": 0.11851351420263355,
            "control_sd": 0.003136341245104963
        },
        "path_length": {
            "actual": 2.6800960632042017,
            "actual_z": 224.7419058213998,
            "control_mean": 1.9302231738813675,
            "control_sd": 0.0033365957567288353
        },
        "transitivity": {
            "actual": 0.10408012008046887,
            "actual_z": -51.17121621331109,
            "control_mean": 0.23767173589604618,
            "control_sd": 0.0026106789265803367
        }
    },
    "ww": {
        "clustering": {
            "actual": 0.4368436046881222,
            "actual_z": 50.410482875010395,
            "control_mean": 0.31174816523847243,
            "control_sd": 0.0024815362264990802
        },
        "maximum_modularity": {
            "actual": 0.4332897756483409,
            "actual_z": 122.5192489881685,
            "control_mean": 0.10451142490439568,
            "control_sd": 0.002683483235974576
        },
        "path_length": {
            "actual": 2.409107966711552,
            "actual_z": 377.2188004319144,
            "control_mean": 1.860959343888423,
            "control_sd": 0.0014531317691363742
        },
        "transitivity": {
            "actual": 0.1450094066971649,
            "actual_z": -52.75843204609984,
            "control_mean": 0.2651573634404175,
            "control_sd": 0.0022773223555671335
        }
    }
}