{
    "ac": {
        "clustering": {
            "actual": 0.3507802371000308,
            "actual_z": 53.131891416115465,
            "control_mean": 0.1449094535374406,
            "control_sd": 0.0038747121187586294
        },
        "maximum_modularity": {
            "actual": 0.5057874236417363,
            "actual_z": 87.47572924239462,
            "control_mean": 0.1754014386515269,
            "control_sd": 0.003776887461831981
        },
        "path_length": {
            "actual": 3.2116858891239564,
            "actual_z": 176.50809244870328,
            "control_mean": 2.1654249921703763,
            "control_sd": 0.005927552003076822
        },
        "transitivity": {
            "actual": 0.1857821864021492,
            "actual_z": 18.80904697522225,
            "control_mean": 0.1337595694232413,
            "control_sd": 0.0027658294993594796
        }
    },
    "ww": {
        "clustering": {
            "actual": 0.355473289115324,
            "actual_z": 73.88737027849336,
            "control_mean": 0.1793995136837744,
            "control_sd": 0.0023830023286510165
        },
        "maximum_modularity": {
            "actual": 0.47716024704352117,
            "actual_z": 101.49253166192321,
            "control_mean": 0.1347322642889553,
            "control_sd": 0.003373922959131721
        },
        "path_length": {
            "actual": 2.772282838159152,
            "actual_z": 275.4365415994234,
            "control_mean": 1.9619933779249337,
            "control_sd": 0.0029418371851787535
        },
        "transitivity": {
            "actual": 0.2378743534522429,
            "actual_z": 31.648073116311874,
            "control_mean": 0.1752697703277891,
            "control_sd": 0.0019781483344774786
        }
    }
}